***not in a method***;1;1;0
BoardViewer.BoardViewer( Engine theEngine );0;1;6
BoardViewer.cellHeight( );0;1;3
BoardViewer.cellWidth( );0;1;3
BoardViewer.createGraphics2D( int w , int h );5;4;14
BoardViewer.drawCell( int x , int y , Graphics2D g2 );10;7;40
BoardViewer.drawCells( Graphics2D g2 );4;3;9
BoardViewer.nextAnimation( );3;1;6
BoardViewer.paint( Graphics g );0;1;7
BoardViewer.windowHeight( );4;1;5
BoardViewer.windowWidth( );4;1;3
BoardViewer.worldHeight( );0;1;3
BoardViewer.worldWidth( );0;1;3
