Engine.Engine( );0;1;6
Engine.Engine( Game g );1;1;5
Engine.boardHeight( );0;1;4
Engine.boardWidth( );0;1;3
Engine.getFoodEaten( );0;1;4
Engine.getGame( );0;1;3
Engine.getGuestCode( int x , int y );0;1;3
Engine.getMonsters( );1;1;6
Engine.getPlayer( );0;1;4
Engine.getPlayerLastDx( );0;1;3
Engine.getPlayerLastDy( );0;1;3
Engine.inDiedState( );2;2;3
Engine.inGameOverState( );1;2;3
Engine.inHaltedState( );0;1;3
Engine.inPlayingState( );8;5;3
Engine.inStartingState( );3;3;3
Engine.inWonState( );2;2;3
Engine.initialize( Game g );1;1;8
Engine.invariant( );12;7;7
Engine.moveMonster( Monster monster , int dx , int dy );0;1;2
Engine.movePlayer( int dx , int dy );0;2;8
Engine.notifyViewers( );0;1;4
Engine.quit( );0;2;8
Engine.start( );1;4;20
