***not in a method***;1;1;0
PacmanUI.PacmanUI( Engine theEngine , Pacman p );0;1;51
PacmanUI.actionPerformed( ActionEvent e );0;1;4
PacmanUI.attachListeners( );0;1;23
PacmanUI.display( );2;1;7
PacmanUI.getBoardViewer( );0;1;3
PacmanUI.getController( );0;1;3
PacmanUI.keyPressed( KeyEvent event );7;8;19
PacmanUI.keyReleased( KeyEvent e );0;1;2
PacmanUI.keyTyped( KeyEvent e );0;1;2
PacmanUI.mouseClicked( MouseEvent e );0;1;3
PacmanUI.update( Observable observable , Object rest );0;1;5
PacmanUI.updateFood( );0;1;4
PacmanUI.updateStatus( );1;6;20
PacmanUI.windowClosing( WindowEvent e );0;1;3
PacmanUI.windowDeiconified( WindowEvent e );0;1;3
PacmanUI.windowIconified( WindowEvent e );0;1;3
